{
  "version":"2.0",
  "metadata":{
    "apiVersion":"2019-08-12",
    "endpointPrefix":"forecast",
    "jsonVersion":"1.1",
    "protocol":"json",
    "serviceFullName":"Amazon Forecast Service",
    "serviceId":"forecast",
    "signatureVersion":"v4",
    "signingName":"forecast",
    "targetPrefix":"AmazonForecast",
    "uid":"forecast-2019-08-12"
  },
  "operations":{
    "CreateDataset":{
      "name":"CreateDataset",
      "http":{
        "method":"POST",
        "requestUri":"/"
      },
      "input":{"shape":"CreateDatasetRequest"},
      "output":{"shape":"CreateDatasetResponse"},
      "errors":[
        {"shape":"InvalidInputException"},
        {"shape":"ResourceAlreadyExistsException"},
        {"shape":"LimitExceededException"}
      ]
    },
    "CreateDatasetGroup":{
      "name":"CreateDatasetGroup",
      "http":{
        "method":"POST",
        "requestUri":"/"
      },
      "input":{"shape":"CreateDatasetGroupRequest"},
      "output":{"shape":"CreateDatasetGroupResponse"},
      "errors":[
        {"shape":"InvalidInputException"},
        {"shape":"ResourceAlreadyExistsException"},
        {"shape":"ResourceNotFoundException"},
        {"shape":"ResourceInUseException"},
        {"shape":"LimitExceededException"}
      ]
    },
    "CreateDatasetImportJob":{
      "name":"CreateDatasetImportJob",
      "http":{
        "method":"POST",
        "requestUri":"/"
      },
      "input":{"shape":"CreateDatasetImportJobRequest"},
      "output":{"shape":"CreateDatasetImportJobResponse"},
      "errors":[
        {"shape":"InvalidInputException"},
        {"shape":"ResourceAlreadyExistsException"},
        {"shape":"ResourceNotFoundException"},
        {"shape":"ResourceInUseException"},
        {"shape":"LimitExceededException"}
      ]
    },
    "CreateForecast":{
      "name":"CreateForecast",
      "http":{
        "method":"POST",
        "requestUri":"/"
      },
      "input":{"shape":"CreateForecastRequest"},
      "output":{"shape":"CreateForecastResponse"},
      "errors":[
        {"shape":"InvalidInputException"},
        {"shape":"ResourceAlreadyExistsException"},
        {"shape":"ResourceNotFoundException"},
        {"shape":"ResourceInUseException"},
        {"shape":"LimitExceededException"}
      ]
    },
    "CreateForecastExportJob":{
      "name":"CreateForecastExportJob",
      "http":{
        "method":"POST",
        "requestUri":"/"
      },
      "input":{"shape":"CreateForecastExportJobRequest"},
      "output":{"shape":"CreateForecastExportJobResponse"},
      "errors":[
        {"shape":"InvalidInputException"},
        {"shape":"ResourceAlreadyExistsException"},
        {"shape":"ResourceNotFoundException"},
        {"shape":"ResourceInUseException"},
        {"shape":"LimitExceededException"}
      ]
    },
    "CreatePredictor":{
      "name":"CreatePredictor",
      "http":{
        "method":"POST",
        "requestUri":"/"
      },
      "input":{"shape":"CreatePredictorRequest"},
      "output":{"shape":"CreatePredictorResponse"},
      "errors":[
        {"shape":"InvalidInputException"},
        {"shape":"ResourceAlreadyExistsException"},
        {"shape":"ResourceNotFoundException"},
        {"shape":"ResourceInUseException"},
        {"shape":"LimitExceededException"}
      ]
    },
    "DeleteDataset":{
      "name":"DeleteDataset",
      "http":{
        "method":"POST",
        "requestUri":"/"
      },
      "input":{"shape":"DeleteDatasetRequest"},
      "errors":[
        {"shape":"InvalidInputException"},
        {"shape":"ResourceNotFoundException"},
        {"shape":"ResourceInUseException"}
      ],
      "idempotent":true
    },
    "DeleteDatasetGroup":{
      "name":"DeleteDatasetGroup",
      "http":{
        "method":"POST",
        "requestUri":"/"
      },
      "input":{"shape":"DeleteDatasetGroupRequest"},
      "errors":[
        {"shape":"InvalidInputException"},
        {"shape":"ResourceNotFoundException"},
        {"shape":"ResourceInUseException"}
      ],
      "idempotent":true
    },
    "DeleteDatasetImportJob":{
      "name":"DeleteDatasetImportJob",
      "http":{
        "method":"POST",
        "requestUri":"/"
      },
      "input":{"shape":"DeleteDatasetImportJobRequest"},
      "errors":[
        {"shape":"InvalidInputException"},
        {"shape":"ResourceNotFoundException"},
        {"shape":"ResourceInUseException"}
      ],
      "idempotent":true
    },
    "DeleteForecast":{
      "name":"DeleteForecast",
      "http":{
        "method":"POST",
        "requestUri":"/"
      },
      "input":{"shape":"DeleteForecastRequest"},
      "errors":[
        {"shape":"InvalidInputException"},
        {"shape":"ResourceNotFoundException"},
        {"shape":"ResourceInUseException"}
      ],
      "idempotent":true
    },
    "DeleteForecastExportJob":{
      "name":"DeleteForecastExportJob",
      "http":{
        "method":"POST",
        "requestUri":"/"
      },
      "input":{"shape":"DeleteForecastExportJobRequest"},
      "errors":[
        {"shape":"InvalidInputException"},
        {"shape":"ResourceNotFoundException"},
        {"shape":"ResourceInUseException"}
      ],
      "idempotent":true
    },
    "DeletePredictor":{
      "name":"DeletePredictor",
      "http":{
        "method":"POST",
        "requestUri":"/"
      },
      "input":{"shape":"DeletePredictorRequest"},
      "errors":[
        {"shape":"InvalidInputException"},
        {"shape":"ResourceNotFoundException"},
        {"shape":"ResourceInUseException"}
      ],
      "idempotent":true
    },
    "DescribeDataset":{
      "name":"DescribeDataset",
      "http":{
        "method":"POST",
        "requestUri":"/"
      },
      "input":{"shape":"DescribeDatasetRequest"},
      "output":{"shape":"DescribeDatasetResponse"},
      "errors":[
        {"shape":"InvalidInputException"},
        {"shape":"ResourceNotFoundException"}
      ],
      "idempotent":true
    },
    "DescribeDatasetGroup":{
      "name":"DescribeDatasetGroup",
      "http":{
        "method":"POST",
        "requestUri":"/"
      },
      "input":{"shape":"DescribeDatasetGroupRequest"},
      "output":{"shape":"DescribeDatasetGroupResponse"},
      "errors":[
        {"shape":"InvalidInputException"},
        {"shape":"ResourceNotFoundException"}
      ],
      "idempotent":true
    },
    "DescribeDatasetImportJob":{
      "name":"DescribeDatasetImportJob",
      "http":{
        "method":"POST",
        "requestUri":"/"
      },
      "input":{"shape":"DescribeDatasetImportJobRequest"},
      "output":{"shape":"DescribeDatasetImportJobResponse"},
      "errors":[
        {"shape":"InvalidInputException"},
        {"shape":"ResourceNotFoundException"}
      ],
      "idempotent":true
    },
    "DescribeForecast":{
      "name":"DescribeForecast",
      "http":{
        "method":"POST",
        "requestUri":"/"
      },
      "input":{"shape":"DescribeForecastRequest"},
      "output":{"shape":"DescribeForecastResponse"},
      "errors":[
        {"shape":"InvalidInputException"},
        {"shape":"ResourceNotFoundException"}
      ],
      "idempotent":true
    },
    "DescribeForecastExportJob":{
      "name":"DescribeForecastExportJob",
      "http":{
        "method":"POST",
        "requestUri":"/"
      },
      "input":{"shape":"DescribeForecastExportJobRequest"},
      "output":{"shape":"DescribeForecastExportJobResponse"},
      "errors":[
        {"shape":"InvalidInputException"},
        {"shape":"ResourceNotFoundException"}
      ],
      "idempotent":true
    },
    "DescribePredictor":{
      "name":"DescribePredictor",
      "http":{
        "method":"POST",
        "requestUri":"/"
      },
      "input":{"shape":"DescribePredictorRequest"},
      "output":{"shape":"DescribePredictorResponse"},
      "errors":[
        {"shape":"InvalidInputException"},
        {"shape":"ResourceNotFoundException"}
      ],
      "idempotent":true
    },
    "GetAccuracyMetrics":{
      "name":"GetAccuracyMetrics",
      "http":{
        "method":"POST",
        "requestUri":"/"
      },
      "input":{"shape":"GetAccuracyMetricsRequest"},
      "output":{"shape":"GetAccuracyMetricsResponse"},
      "errors":[
        {"shape":"InvalidInputException"},
        {"shape":"ResourceNotFoundException"},
        {"shape":"ResourceInUseException"}
      ],
      "idempotent":true
    },
    "ListDatasetGroups":{
      "name":"ListDatasetGroups",
      "http":{
        "method":"POST",
        "requestUri":"/"
      },
      "input":{"shape":"ListDatasetGroupsRequest"},
      "output":{"shape":"ListDatasetGroupsResponse"},
      "errors":[
        {"shape":"InvalidNextTokenException"}
      ],
      "idempotent":true
    },
    "ListDatasetImportJobs":{
      "name":"ListDatasetImportJobs",
      "http":{
        "method":"POST",
        "requestUri":"/"
      },
      "input":{"shape":"ListDatasetImportJobsRequest"},
      "output":{"shape":"ListDatasetImportJobsResponse"},
      "errors":[
        {"shape":"InvalidNextTokenException"},
        {"shape":"InvalidInputException"}
      ],
      "idempotent":true
    },
    "ListDatasets":{
      "name":"ListDatasets",
      "http":{
        "method":"POST",
        "requestUri":"/"
      },
      "input":{"shape":"ListDatasetsRequest"},
      "output":{"shape":"ListDatasetsResponse"},
      "errors":[
        {"shape":"InvalidNextTokenException"}
      ],
      "idempotent":true
    },
    "ListForecastExportJobs":{
      "name":"ListForecastExportJobs",
      "http":{
        "method":"POST",
        "requestUri":"/"
      },
      "input":{"shape":"ListForecastExportJobsRequest"},
      "output":{"shape":"ListForecastExportJobsResponse"},
      "errors":[
        {"shape":"InvalidNextTokenException"},
        {"shape":"InvalidInputException"}
      ],
      "idempotent":true
    },
    "ListForecasts":{
      "name":"ListForecasts",
      "http":{
        "method":"POST",
        "requestUri":"/"
      },
      "input":{"shape":"ListForecastsRequest"},
      "output":{"shape":"ListForecastsResponse"},
      "errors":[
        {"shape":"InvalidNextTokenException"},
        {"shape":"InvalidInputException"}
      ],
      "idempotent":true
    },
    "ListPredictors":{
      "name":"ListPredictors",
      "http":{
        "method":"POST",
        "requestUri":"/"
      },
      "input":{"shape":"ListPredictorsRequest"},
      "output":{"shape":"ListPredictorsResponse"},
      "errors":[
        {"shape":"InvalidNextTokenException"},
        {"shape":"InvalidInputException"}
      ],
      "idempotent":true
    },
    "UpdateDatasetGroup":{
      "name":"UpdateDatasetGroup",
      "http":{
        "method":"POST",
        "requestUri":"/"
      },
      "input":{"shape":"UpdateDatasetGroupRequest"},
      "output":{"shape":"UpdateDatasetGroupResponse"},
      "errors":[
        {"shape":"InvalidInputException"},
        {"shape":"ResourceNotFoundException"},
        {"shape":"ResourceInUseException"}
      ],
      "idempotent":true
    }
  },
  "shapes":{
    "Arn":{
      "type":"string",
      "max":256,
      "pattern":"^[a-zA-Z0-9\\-\\_\\.\\/\\:]+$"
    },
    "ArnList":{
      "type":"list",
      "member":{"shape":"Arn"}
    },
    "AttributeType":{
      "type":"string",
      "enum":[
        "string",
        "integer",
        "float",
        "timestamp"
      ]
    },
    "Boolean":{"type":"boolean"},
    "CategoricalParameterRange":{
      "type":"structure",
      "required":[
        "Name",
        "Values"
      ],
      "members":{
        "Name":{"shape":"Name"},
        "Values":{"shape":"Values"}
      }
    },
    "CategoricalParameterRanges":{
      "type":"list",
      "member":{"shape":"CategoricalParameterRange"},
      "max":20,
      "min":1
    },
    "ContinuousParameterRange":{
      "type":"structure",
      "required":[
        "Name",
        "MaxValue",
        "MinValue"
      ],
      "members":{
        "Name":{"shape":"Name"},
        "MaxValue":{"shape":"Double"},
        "MinValue":{"shape":"Double"},
        "ScalingType":{"shape":"ScalingType"}
      }
    },
    "ContinuousParameterRanges":{
      "type":"list",
      "member":{"shape":"ContinuousParameterRange"},
      "max":20,
      "min":1
    },
    "CreateDatasetGroupRequest":{
      "type":"structure",
      "required":[
        "DatasetGroupName",
        "Domain"
      ],
      "members":{
        "DatasetGroupName":{"shape":"Name"},
        "Domain":{"shape":"Domain"},
        "DatasetArns":{"shape":"ArnList"}
      }
    },
    "CreateDatasetGroupResponse":{
      "type":"structure",
      "members":{
        "DatasetGroupArn":{"shape":"Arn"}
      }
    },
    "CreateDatasetImportJobRequest":{
      "type":"structure",
      "required":[
        "DatasetImportJobName",
        "DatasetArn",
        "DataSource"
      ],
      "members":{
        "DatasetImportJobName":{"shape":"Name"},
        "DatasetArn":{"shape":"Arn"},
        "DataSource":{"shape":"DataSource"},
        "TimestampFormat":{"shape":"TimestampFormat"}
      }
    },
    "CreateDatasetImportJobResponse":{
      "type":"structure",
      "members":{
        "DatasetImportJobArn":{"shape":"Arn"}
      }
    },
    "CreateDatasetRequest":{
      "type":"structure",
      "required":[
        "DatasetName",
        "Domain",
        "DatasetType",
        "Schema"
      ],
      "members":{
        "DatasetName":{"shape":"Name"},
        "Domain":{"shape":"Domain"},
        "DatasetType":{"shape":"DatasetType"},
        "DataFrequency":{"shape":"Frequency"},
        "Schema":{"shape":"Schema"},
        "EncryptionConfig":{"shape":"EncryptionConfig"}
      }
    },
    "CreateDatasetResponse":{
      "type":"structure",
      "members":{
        "DatasetArn":{"shape":"Arn"}
      }
    },
    "CreateForecastExportJobRequest":{
      "type":"structure",
      "required":[
        "ForecastExportJobName",
        "ForecastArn",
        "Destination"
      ],
      "members":{
        "ForecastExportJobName":{"shape":"Name"},
        "ForecastArn":{"shape":"Arn"},
        "Destination":{"shape":"DataDestination"}
      }
    },
    "CreateForecastExportJobResponse":{
      "type":"structure",
      "members":{
        "ForecastExportJobArn":{"shape":"Arn"}
      }
    },
    "CreateForecastRequest":{
      "type":"structure",
      "required":[
        "ForecastName",
        "PredictorArn"
      ],
      "members":{
        "ForecastName":{"shape":"Name"},
        "PredictorArn":{"shape":"Arn"}
      }
    },
    "CreateForecastResponse":{
      "type":"structure",
      "members":{
        "ForecastArn":{"shape":"Arn"}
      }
    },
    "CreatePredictorRequest":{
      "type":"structure",
      "required":[
        "PredictorName",
        "ForecastHorizon",
        "InputDataConfig",
        "FeaturizationConfig"
      ],
      "members":{
        "PredictorName":{"shape":"Name"},
        "AlgorithmArn":{"shape":"Arn"},
        "ForecastHorizon":{"shape":"Integer"},
        "PerformAutoML":{"shape":"Boolean"},
        "PerformHPO":{"shape":"Boolean"},
        "TrainingParameters":{"shape":"TrainingParameters"},
        "EvaluationParameters":{"shape":"EvaluationParameters"},
        "HPOConfig":{"shape":"HyperParameterTuningJobConfig"},
        "InputDataConfig":{"shape":"InputDataConfig"},
        "FeaturizationConfig":{"shape":"FeaturizationConfig"},
        "EncryptionConfig":{"shape":"EncryptionConfig"}
      }
    },
    "CreatePredictorResponse":{
      "type":"structure",
      "members":{
        "PredictorArn":{"shape":"Arn"}
      }
    },
    "DataDestination":{
      "type":"structure",
      "required":["S3Config"],
      "members":{
        "S3Config":{"shape":"S3Config"}
      }
    },
    "DataSource":{
      "type":"structure",
      "required":["S3Config"],
      "members":{
        "S3Config":{"shape":"S3Config"}
      }
    },
    "DatasetGroupSummary":{
      "type":"structure",
      "members":{
        "DatasetGroupArn":{"shape":"Arn"},
        "DatasetGroupName":{"shape":"Name"},
        "CreationTime":{"shape":"Timestamp"},
        "LastModificationTime":{"shape":"Timestamp"}
      }
    },
    "DatasetGroups":{
      "type":"list",
      "member":{"shape":"DatasetGroupSummary"}
    },
    "DatasetImportJobSummary":{
      "type":"structure",
      "members":{
        "DatasetImportJobArn":{"shape":"Arn"},
        "DatasetImportJobName":{"shape":"Name"},
        "DataSource":{"shape":"DataSource"},
        "Status":{"shape":"Status"},
        "Message":{"shape":"ErrorMessage"},
        "CreationTime":{"shape":"Timestamp"},
        "LastModificationTime":{"shape":"Timestamp"}
      }
    },
    "DatasetImportJobs":{
      "type":"list",
      "member":{"shape":"DatasetImportJobSummary"}
    },
    "DatasetSummary":{
      "type":"structure",
      "members":{
        "DatasetArn":{"shape":"Arn"},
        "DatasetName":{"shape":"Name"},
        "DatasetType":{"shape":"DatasetType"},
        "Domain":{"shape":"Domain"},
        "CreationTime":{"shape":"Timestamp"},
        "LastModificationTime":{"shape":"Timestamp"}
      }
    },
    "DatasetType":{
      "type":"string",
      "enum":[
        "TARGET_TIME_SERIES",
        "RELATED_TIME_SERIES",
        "ITEM_METADATA"
      ]
    },
    "Datasets":{
      "type":"list",
      "member":{"shape":"DatasetSummary"}
    },
    "DeleteDatasetGroupRequest":{
      "type":"structure",
      "required":["DatasetGroupArn"],
      "members":{
        "DatasetGroupArn":{"shape":"Arn"}
      }
    },
    "DeleteDatasetImportJobRequest":{
      "type":"structure",
      "required":["DatasetImportJobArn"],
      "members":{
        "DatasetImportJobArn":{"shape":"Arn"}
      }
    },
    "DeleteDatasetRequest":{
      "type":"structure",
      "required":["DatasetArn"],
      "members":{
        "DatasetArn":{"shape":"Arn"}
      }
    },
    "DeleteForecastExportJobRequest":{
      "type":"structure",
      "required":["ForecastExportJobArn"],
      "members":{
        "ForecastExportJobArn":{"shape":"Arn"}
      }
    },
    "DeleteForecastRequest":{
      "type":"structure",
      "required":["ForecastArn"],
      "members":{
        "ForecastArn":{"shape":"Arn"}
      }
    },
    "DeletePredictorRequest":{
      "type":"structure",
      "required":["PredictorArn"],
      "members":{
        "PredictorArn":{"shape":"Arn"}
      }
    },
    "DescribeDatasetGroupRequest":{
      "type":"structure",
      "required":["DatasetGroupArn"],
      "members":{
        "DatasetGroupArn":{"shape":"Arn"}
      }
    },
    "DescribeDatasetGroupResponse":{
      "type":"structure",
      "members":{
        "DatasetGroupName":{"shape":"Name"},
        "DatasetGroupArn":{"shape":"Arn"},
        "DatasetArns":{"shape":"ArnList"},
        "Domain":{"shape":"Domain"},
        "Status":{"shape":"Status"},
        "CreationTime":{"shape":"Timestamp"},
        "LastModificationTime":{"shape":"Timestamp"}
      }
    },
    "DescribeDatasetImportJobRequest":{
      "type":"structure",
      "required":["DatasetImportJobArn"],
      "members":{
        "DatasetImportJobArn":{"shape":"Arn"}
      }
    },
    "DescribeDatasetImportJobResponse":{
      "type":"structure",
      "members":{
        "DatasetImportJobName":{"shape":"Name"},
        "DatasetImportJobArn":{"shape":"Arn"},
        "DatasetArn":{"shape":"Arn"},
        "TimestampFormat":{"shape":"TimestampFormat"},
        "DataSource":{"shape":"DataSource"},
        "FieldStatistics":{"shape":"FieldStatistics"},
        "DataSize":{"shape":"Double"},
        "Status":{"shape":"Status"},
        "Message":{"shape":"Message"},
        "CreationTime":{"shape":"Timestamp"},
        "LastModificationTime":{"shape":"Timestamp"}
      }
    },
    "DescribeDatasetRequest":{
      "type":"structure",
      "required":["DatasetArn"],
      "members":{
        "DatasetArn":{"shape":"Arn"}
      }
    },
    "DescribeDatasetResponse":{
      "type":"structure",
      "members":{
        "DatasetArn":{"shape":"Arn"},
        "DatasetName":{"shape":"Name"},
        "Domain":{"shape":"Domain"},
        "DatasetType":{"shape":"DatasetType"},
        "DataFrequency":{"shape":"Frequency"},
        "Schema":{"shape":"Schema"},
        "EncryptionConfig":{"shape":"EncryptionConfig"},
        "Status":{"shape":"Status"},
        "CreationTime":{"shape":"Timestamp"},
        "LastModificationTime":{"shape":"Timestamp"}
      }
    },
    "DescribeForecastExportJobRequest":{
      "type":"structure",
      "required":["ForecastExportJobArn"],
      "members":{
        "ForecastExportJobArn":{"shape":"Arn"}
      }
    },
    "DescribeForecastExportJobResponse":{
      "type":"structure",
      "members":{
        "ForecastExportJobArn":{"shape":"Arn"},
        "ForecastExportJobName":{"shape":"Name"},
        "ForecastArn":{"shape":"Arn"},
        "Destination":{"shape":"DataDestination"},
        "Message":{"shape":"Message"},
        "Status":{"shape":"Status"},
        "CreationTime":{"shape":"Timestamp"},
        "LastModificationTime":{"shape":"Timestamp"}
      }
    },
    "DescribeForecastRequest":{
      "type":"structure",
      "required":["ForecastArn"],
      "members":{
        "ForecastArn":{"shape":"Arn"}
      }
    },
    "DescribeForecastResponse":{
      "type":"structure",
      "members":{
        "ForecastArn":{"shape":"Arn"},
        "ForecastName":{"shape":"Name"},
        "PredictorArn":{"shape":"Arn"},
        "DatasetGroupArn":{"shape":"Arn"},
        "Status":{"shape":"String"},
        "Message":{"shape":"ErrorMessage"},
        "CreationTime":{"shape":"Timestamp"},
        "LastModificationTime":{"shape":"Timestamp"}
      }
    },
    "DescribePredictorRequest":{
      "type":"structure",
      "required":["PredictorArn"],
      "members":{
        "PredictorArn":{"shape":"Arn"}
      }
    },
    "DescribePredictorResponse":{
      "type":"structure",
      "members":{
        "PredictorArn":{"shape":"Name"},
        "PredictorName":{"shape":"Name"},
        "AlgorithmArn":{"shape":"Arn"},
        "ForecastHorizon":{"shape":"Integer"},
        "PerformAutoML":{"shape":"Boolean"},
        "PerformHPO":{"shape":"Boolean"},
        "TrainingParameters":{"shape":"TrainingParameters"},
        "EvaluationParameters":{"shape":"EvaluationParameters"},
        "HPOConfig":{"shape":"HyperParameterTuningJobConfig"},
        "InputDataConfig":{"shape":"InputDataConfig"},
        "FeaturizationConfig":{"shape":"FeaturizationConfig"},
        "EncryptionConfig":{"shape":"EncryptionConfig"},
        "DatasetImportJobArns":{"shape":"ArnList"},
        "AutoMLAlgorithmArns":{"shape":"ArnList"},
        "Status":{"shape":"Status"},
        "Message":{"shape":"Message"},
        "CreationTime":{"shape":"Timestamp"},
        "LastModificationTime":{"shape":"Timestamp"}
      }
    },
    "Domain":{
      "type":"string",
      "enum":[
        "RETAIL",
        "CUSTOM",
        "INVENTORY_PLANNING",
        "EC2_CAPACITY",
        "WORK_FORCE",
        "WEB_TRAFFIC",
        "METRICS"
      ]
    },
    "Double":{"type":"double"},
    "EncryptionConfig":{
      "type":"structure",
      "required":[
        "RoleArn",
        "KMSKeyArn"
      ],
      "members":{
        "RoleArn":{"shape":"Arn"},
        "KMSKeyArn":{"shape":"KMSKeyArn"}
      }
    },
    "ErrorMessage":{"type":"string"},
    "EvaluationParameters":{
      "type":"structure",
      "members":{
        "NumberOfBacktestWindows":{"shape":"Integer"},
        "BackTestWindowOffset":{"shape":"Integer"}
      }
    },
    "EvaluationResult":{
      "type":"structure",
      "members":{
        "AlgorithmArn":{"shape":"Arn"},
        "TestWindows":{"shape":"TestWindows"}
      }
    },
    "EvaluationType":{
      "type":"string",
      "enum":[
        "SUMMARY",
        "COMPUTED"
      ]
    },
    "Featurization":{
      "type":"structure",
      "required":["AttributeName"],
      "members":{
        "AttributeName":{"shape":"Name"},
        "FeaturizationPipeline":{"shape":"FeaturizationPipeline"}
      }
    },
    "FeaturizationConfig":{
      "type":"structure",
      "required":["ForecastFrequency"],
      "members":{
        "ForecastFrequency":{"shape":"Frequency"},
        "ForecastDimensions":{"shape":"ForecastDimensions"},
        "Featurizations":{"shape":"Featurizations"}
      }
    },
    "FeaturizationMethod":{
      "type":"structure",
      "required":["FeaturizationMethodName"],
      "members":{
        "FeaturizationMethodName":{"shape":"FeaturizationMethodName"},
        "FeaturizationMethodParameters":{"shape":"FeaturizationMethodParameters"}
      }
    },
    "FeaturizationMethodName":{
      "type":"string",
      "enum":["filling"]
    },
    "FeaturizationMethodParameters":{
      "type":"map",
      "key":{"shape":"ParameterKey"},
      "value":{"shape":"ParameterValue"},
      "max":20,
      "min":1
    },
    "FeaturizationPipeline":{
      "type":"list",
      "member":{"shape":"FeaturizationMethod"},
      "max":1,
      "min":1
    },
    "Featurizations":{
      "type":"list",
      "member":{"shape":"Featurization"},
      "max":1,
      "min":1
    },
    "FieldStatistics":{
      "type":"map",
      "key":{"shape":"String"},
      "value":{"shape":"Statistics"}
    },
    "Filter":{
      "type":"structure",
      "required":[
        "Key",
        "Value",
        "Condition"
      ],
      "members":{
        "Key":{"shape":"String"},
        "Value":{"shape":"Arn"},
        "Condition":{"shape":"FilterConditionString"}
      }
    },
    "FilterConditionString":{
      "type":"string",
      "enum":[
        "IS",
        "IS_NOT"
      ]
    },
    "Filters":{
      "type":"list",
      "member":{"shape":"Filter"}
    },
    "ForecastDimensions":{
      "type":"list",
      "member":{"shape":"Name"},
      "max":5,
      "min":1
    },
    "ForecastExportJobSummary":{
      "type":"structure",
      "members":{
        "ForecastExportJobArn":{"shape":"Arn"},
        "ForecastExportJobName":{"shape":"Name"},
        "Destination":{"shape":"DataDestination"},
        "Status":{"shape":"Status"},
        "Message":{"shape":"ErrorMessage"},
        "CreationTime":{"shape":"Timestamp"},
        "LastModificationTime":{"shape":"Timestamp"}
      }
    },
    "ForecastExportJobs":{
      "type":"list",
      "member":{"shape":"ForecastExportJobSummary"}
    },
    "ForecastSummary":{
      "type":"structure",
      "members":{
        "ForecastArn":{"shape":"Arn"},
        "ForecastName":{"shape":"Name"},
        "PredictorArn":{"shape":"String"},
        "DatasetGroupArn":{"shape":"String"},
        "Status":{"shape":"Status"},
        "Message":{"shape":"ErrorMessage"},
        "CreationTime":{"shape":"Timestamp"},
        "LastModificationTime":{"shape":"Timestamp"}
      }
    },
    "Forecasts":{
      "type":"list",
      "member":{"shape":"ForecastSummary"}
    },
    "Frequency":{
      "type":"string",
      "pattern":"^Y|M|W|D|H|30min|15min|10min|5min|1min$"
    },
    "GetAccuracyMetricsRequest":{
      "type":"structure",
      "required":["PredictorArn"],
      "members":{
        "PredictorArn":{"shape":"Arn"}
      }
    },
    "GetAccuracyMetricsResponse":{
      "type":"structure",
      "members":{
        "PredictorEvaluationResults":{"shape":"PredictorEvaluationResults"}
      }
    },
    "HyperParameterTuningJobConfig":{
      "type":"structure",
      "members":{
        "ParameterRanges":{"shape":"ParameterRanges"}
      }
    },
    "InputDataConfig":{
      "type":"structure",
      "required":["DatasetGroupArn"],
      "members":{
        "DatasetGroupArn":{"shape":"Arn"},
        "SupplementaryFeatures":{"shape":"SupplementaryFeatures"}
      }
    },
    "Integer":{"type":"integer"},
    "IntegerParameterRange":{
      "type":"structure",
      "required":[
        "Name",
        "MaxValue",
        "MinValue"
      ],
      "members":{
        "Name":{"shape":"Name"},
        "MaxValue":{"shape":"Integer"},
        "MinValue":{"shape":"Integer"},
        "ScalingType":{"shape":"ScalingType"}
      }
    },
    "IntegerParameterRanges":{
      "type":"list",
      "member":{"shape":"IntegerParameterRange"},
      "max":20,
      "min":1
    },
    "InvalidInputException":{
      "type":"structure",
      "members":{
        "Message":{"shape":"ErrorMessage"}
      },
      "exception":true
    },
    "InvalidNextTokenException":{
      "type":"structure",
      "members":{
        "Message":{"shape":"ErrorMessage"}
      },
      "exception":true
    },
    "KMSKeyArn":{
      "type":"string",
      "max":256,
      "pattern":"arn:aws:kms:.*:key/.*"
    },
    "LimitExceededException":{
      "type":"structure",
      "members":{
        "Message":{"shape":"ErrorMessage"}
      },
      "exception":true
    },
    "ListDatasetGroupsRequest":{
      "type":"structure",
      "members":{
        "NextToken":{"shape":"NextToken"},
        "MaxResults":{"shape":"MaxResults"}
      }
    },
    "ListDatasetGroupsResponse":{
      "type":"structure",
      "members":{
        "DatasetGroups":{"shape":"DatasetGroups"},
        "NextToken":{"shape":"NextToken"}
      }
    },
    "ListDatasetImportJobsRequest":{
      "type":"structure",
      "members":{
        "NextToken":{"shape":"NextToken"},
        "MaxResults":{"shape":"MaxResults"},
        "Filters":{"shape":"Filters"}
      }
    },
    "ListDatasetImportJobsResponse":{
      "type":"structure",
      "members":{
        "DatasetImportJobs":{"shape":"DatasetImportJobs"},
        "NextToken":{"shape":"NextToken"}
      }
    },
    "ListDatasetsRequest":{
      "type":"structure",
      "members":{
        "NextToken":{"shape":"NextToken"},
        "MaxResults":{"shape":"MaxResults"}
      }
    },
    "ListDatasetsResponse":{
      "type":"structure",
      "members":{
        "Datasets":{"shape":"Datasets"},
        "NextToken":{"shape":"NextToken"}
      }
    },
    "ListForecastExportJobsRequest":{
      "type":"structure",
      "members":{
        "NextToken":{"shape":"NextToken"},
        "MaxResults":{"shape":"MaxResults"},
        "Filters":{"shape":"Filters"}
      }
    },
    "ListForecastExportJobsResponse":{
      "type":"structure",
      "members":{
        "ForecastExportJobs":{"shape":"ForecastExportJobs"},
        "NextToken":{"shape":"NextToken"}
      }
    },
    "ListForecastsRequest":{
      "type":"structure",
      "members":{
        "NextToken":{"shape":"NextToken"},
        "MaxResults":{"shape":"MaxResults"},
        "Filters":{"shape":"Filters"}
      }
    },
    "ListForecastsResponse":{
      "type":"structure",
      "members":{
        "Forecasts":{"shape":"Forecasts"},
        "NextToken":{"shape":"NextToken"}
      }
    },
    "ListPredictorsRequest":{
      "type":"structure",
      "members":{
        "NextToken":{"shape":"NextToken"},
        "MaxResults":{"shape":"MaxResults"},
        "Filters":{"shape":"Filters"}
      }
    },
    "ListPredictorsResponse":{
      "type":"structure",
      "members":{
        "Predictors":{"shape":"Predictors"},
        "NextToken":{"shape":"NextToken"}
      }
    },
    "MaxResults":{
      "type":"integer",
      "max":100,
      "min":1
    },
    "Message":{"type":"string"},
    "Metrics":{
      "type":"structure",
      "members":{
        "RMSE":{"shape":"Double"},
        "WeightedQuantileLosses":{"shape":"WeightedQuantileLosses"}
      }
    },
    "Name":{
      "type":"string",
      "max":63,
      "min":1,
      "pattern":"^[a-zA-Z0-9][a-zA-Z0-9_]*"
    },
    "NextToken":{
      "type":"string",
      "max":3000,
      "min":1
    },
    "ParameterKey":{
      "type":"string",
      "max":256,
      "pattern":"^[a-zA-Z0-9\\-\\_\\.\\/\\[\\]\\,\\\\]+$"
    },
    "ParameterRanges":{
      "type":"structure",
      "members":{
        "CategoricalParameterRanges":{"shape":"CategoricalParameterRanges"},
        "ContinuousParameterRanges":{"shape":"ContinuousParameterRanges"},
        "IntegerParameterRanges":{"shape":"IntegerParameterRanges"}
      }
    },
    "ParameterValue":{
      "type":"string",
      "max":256,
      "pattern":"^[a-zA-Z0-9\\-\\_\\.\\/\\[\\]\\,\\\"\\\\\\s]+$"
    },
    "PredictorEvaluationResults":{
      "type":"list",
      "member":{"shape":"EvaluationResult"}
    },
    "PredictorSummary":{
      "type":"structure",
      "members":{
        "PredictorArn":{"shape":"Arn"},
        "PredictorName":{"shape":"Name"},
        "DatasetGroupArn":{"shape":"Arn"},
        "Status":{"shape":"Status"},
        "Message":{"shape":"ErrorMessage"},
        "CreationTime":{"shape":"Timestamp"},
        "LastModificationTime":{"shape":"Timestamp"}
      }
    },
    "Predictors":{
      "type":"list",
      "member":{"shape":"PredictorSummary"}
    },
    "ResourceAlreadyExistsException":{
      "type":"structure",
      "members":{
        "Message":{"shape":"ErrorMessage"}
      },
      "exception":true
    },
    "ResourceInUseException":{
      "type":"structure",
      "members":{
        "Message":{"shape":"ErrorMessage"}
      },
      "exception":true
    },
    "ResourceNotFoundException":{
      "type":"structure",
      "members":{
        "Message":{"shape":"ErrorMessage"}
      },
      "exception":true
    },
    "S3Config":{
      "type":"structure",
      "required":[
        "Path",
        "RoleArn"
      ],
      "members":{
        "Path":{"shape":"S3Path"},
        "RoleArn":{"shape":"Arn"},
        "KMSKeyArn":{"shape":"KMSKeyArn"}
      }
    },
    "S3Path":{
      "type":"string",
      "pattern":"^s3://.+$"
    },
    "ScalingType":{
      "type":"string",
      "enum":[
        "Auto",
        "Linear",
        "Logarithmic",
        "ReverseLogarithmic"
      ]
    },
    "Schema":{
      "type":"structure",
      "members":{
        "Attributes":{"shape":"SchemaAttributes"}
      }
    },
    "SchemaAttribute":{
      "type":"structure",
      "members":{
        "AttributeName":{"shape":"Name"},
        "AttributeType":{"shape":"AttributeType"}
      }
    },
    "SchemaAttributes":{
      "type":"list",
      "member":{"shape":"SchemaAttribute"}
    },
    "Statistics":{
      "type":"structure",
      "members":{
        "Count":{"shape":"Integer"},
        "CountDistinct":{"shape":"Integer"},
        "CountNull":{"shape":"Integer"},
        "CountNan":{"shape":"Integer"},
        "Min":{"shape":"String"},
        "Max":{"shape":"String"},
        "Avg":{"shape":"Double"},
        "Stddev":{"shape":"Double"}
      }
    },
    "Status":{
      "type":"string",
      "max":256
    },
    "String":{
      "type":"string",
      "max":256,
      "pattern":"^[a-zA-Z0-9\\_]+$"
    },
    "SupplementaryFeature":{
      "type":"structure",
      "required":[
        "Name",
        "Value"
      ],
      "members":{
        "Name":{"shape":"Name"},
        "Value":{"shape":"Value"}
      }
    },
    "SupplementaryFeatures":{
      "type":"list",
      "member":{"shape":"SupplementaryFeature"},
      "max":1,
      "min":1
    },
    "TestWindows":{
      "type":"list",
      "member":{"shape":"WindowSummary"}
    },
    "Timestamp":{"type":"timestamp"},
    "TimestampFormat":{
      "type":"string",
      "max":256,
      "pattern":"^[a-zA-Z0-9\\-\\:\\.\\,\\'\\s]+$"
    },
    "TrainingParameters":{
      "type":"map",
      "key":{"shape":"ParameterKey"},
      "value":{"shape":"ParameterValue"},
      "max":100,
      "min":0
    },
    "UpdateDatasetGroupRequest":{
      "type":"structure",
      "required":[
        "DatasetGroupArn",
        "DatasetArns"
      ],
      "members":{
        "DatasetGroupArn":{"shape":"Arn"},
        "DatasetArns":{"shape":"ArnList"}
      }
    },
    "UpdateDatasetGroupResponse":{
      "type":"structure",
      "members":{
      }
    },
    "Value":{
      "type":"string",
      "max":256,
      "pattern":"^[a-zA-Z0-9\\_\\-]+$"
    },
    "Values":{
      "type":"list",
      "member":{"shape":"Value"},
      "max":20,
      "min":1
    },
    "WeightedQuantileLoss":{
      "type":"structure",
      "members":{
        "Quantile":{"shape":"Double"},
        "LossValue":{"shape":"Double"}
      }
    },
    "WeightedQuantileLosses":{
      "type":"list",
      "member":{"shape":"WeightedQuantileLoss"}
    },
    "WindowSummary":{
      "type":"structure",
      "members":{
        "TestWindowStart":{"shape":"Timestamp"},
        "TestWindowEnd":{"shape":"Timestamp"},
        "ItemCount":{"shape":"Integer"},
        "EvaluationType":{"shape":"EvaluationType"},
        "Metrics":{"shape":"Metrics"}
      }
    }
  }
}
